{
  "tasks": {
    "arc_easy": {
      "acc": 0.2736842105263158,
      "n": 570
    },
    "commonsense_qa": {
      "acc": 0.2334152334152334,
      "n": 1221
    },
    "copa": {
      "acc": 0.6,
      "n": 100
    },
    "hellaswag": {
      "acc": 0.3174666401115316,
      "n": 10042
    },
    "openbookqa": {
      "acc": 0.314,
      "n": 500
    },
    "piqa": {
      "acc": 0.6490750816104461,
      "n": 1838
    },
    "qasc": {
      "acc": 0.14794816414686826,
      "n": 926
    },
    "sciq": {
      "acc": 0.592,
      "n": 1000
    },
    "social_i_qa": {
      "acc": 0.3843398157625384,
      "n": 1954
    },
    "winogrande": {
      "acc": 0.5098658247829518,
      "n": 1267
    }
  },
  "cf_macro_avg": 0.40217949703558853
}