{
  "slices": {
    "books_newslike": {
      "nll": 3.828623071246602,
      "ppl": 45.999157046569,
      "tokens": 4994286
    },
    "code": {
      "nll": 2.5523355147391347,
      "ppl": 12.83704991852182,
      "tokens": 4994286
    },
    "code_stackv2_edu_filtered": {
      "nll": 2.3728684862740828,
      "ppl": 10.728121659371425,
      "tokens": 4994286
    },
    "code_starcoder2data_extras_lhq": {
      "nll": 2.5095329254772354,
      "ppl": 12.299184083179018,
      "tokens": 4994286
    },
    "general_web": {
      "nll": 3.4679168649831467,
      "ppl": 32.069866950764116,
      "tokens": 4994286
    },
    "math_finemath3plus": {
      "nll": 2.549853825829966,
      "ppl": 12.80523185171437,
      "tokens": 4994286
    },
    "math_finemath4plus": {
      "nll": 2.7407342285568634,
      "ppl": 15.498360258530825,
      "tokens": 4994286
    },
    "math_infiwebmath3plus": {
      "nll": 2.918820844281157,
      "ppl": 18.51943727951821,
      "tokens": 4994286
    },
    "math_infiwebmath4plus": {
      "nll": 2.7410406433761567,
      "ppl": 15.503109913433947,
      "tokens": 4994286
    },
    "web_fineweb_edu_sample10bt": {
      "nll": 3.2768334017349403,
      "ppl": 26.491751005834733,
      "tokens": 4994286
    },
    "wiki_en_20231101": {
      "nll": 3.0076269576888093,
      "ppl": 20.239314144196353,
      "tokens": 4994286
    }
  },
  "ppl_macro_avg": 20.271871282875804
}