{
  "tasks": {
    "arc_easy": {
      "acc": 0.26842105263157895,
      "n": 570
    },
    "commonsense_qa": {
      "acc": 0.2375102375102375,
      "n": 1221
    },
    "copa": {
      "acc": 0.62,
      "n": 100
    },
    "hellaswag": {
      "acc": 0.3134833698466441,
      "n": 10042
    },
    "openbookqa": {
      "acc": 0.288,
      "n": 500
    },
    "piqa": {
      "acc": 0.6507072905331882,
      "n": 1838
    },
    "qasc": {
      "acc": 0.13498920086393087,
      "n": 926
    },
    "sciq": {
      "acc": 0.578,
      "n": 1000
    },
    "social_i_qa": {
      "acc": 0.3812691914022518,
      "n": 1954
    },
    "winogrande": {
      "acc": 0.5090765588003157,
      "n": 1267
    }
  },
  "cf_macro_avg": 0.3981456901588147
}