{
  "slices": {
    "books_newslike": {
      "nll": 3.8598765704603473,
      "ppl": 47.459493103933525,
      "tokens": 4994286
    },
    "code": {
      "nll": 2.03801732706074,
      "ppl": 7.675376342010525,
      "tokens": 4994286
    },
    "code_stackv2_edu_filtered": {
      "nll": 1.9110721654093017,
      "ppl": 6.760333109602919,
      "tokens": 4994286
    },
    "code_starcoder2data_extras_lhq": {
      "nll": 2.404208004493473,
      "ppl": 11.069659688777294,
      "tokens": 4994286
    },
    "general_web": {
      "nll": 3.603431964402435,
      "ppl": 36.72405406221071,
      "tokens": 4994286
    },
    "math_finemath3plus": {
      "nll": 2.243622287661179,
      "ppl": 9.427418334736817,
      "tokens": 4994286
    },
    "math_finemath4plus": {
      "nll": 2.348518425772989,
      "ppl": 10.470046077425383,
      "tokens": 4994286
    },
    "math_infiwebmath3plus": {
      "nll": 2.54252747544777,
      "ppl": 12.711759061747522,
      "tokens": 4994286
    },
    "math_infiwebmath4plus": {
      "nll": 2.3569053850971358,
      "ppl": 10.558227196833801,
      "tokens": 4994286
    },
    "web_fineweb_edu_sample10bt": {
      "nll": 3.208193230939161,
      "ppl": 24.734356558497662,
      "tokens": 4994286
    },
    "wiki_en_20231101": {
      "nll": 3.24182639553294,
      "ppl": 25.580399035310126,
      "tokens": 4994286
    }
  },
  "ppl_macro_avg": 18.470102051916935
}