{
  "tasks": {
    "arc_challenge": {
      "acc": 0.24414715719063546,
      "n": 299
    },
    "arc_easy": {
      "acc": 0.2719298245614035,
      "n": 570
    },
    "commonsense_qa": {
      "acc": 0.23505323505323505,
      "n": 1221
    },
    "copa": {
      "acc": 0.63,
      "n": 100
    },
    "hellaswag": {
      "acc": 0.3181637124078869,
      "n": 10042
    },
    "mmlu": {
      "acc": 0.24755062050947094,
      "n": 1531
    },
    "openbookqa": {
      "acc": 0.304,
      "n": 500
    },
    "piqa": {
      "acc": 0.6517954298150164,
      "n": 1838
    },
    "qasc": {
      "acc": 0.14578833693304535,
      "n": 926
    },
    "sciq": {
      "acc": 0.603,
      "n": 1000
    },
    "social_i_qa": {
      "acc": 0.3889457523029683,
      "n": 1954
    },
    "winogrande": {
      "acc": 0.510655090765588,
      "n": 1267
    }
  },
  "cf_macro_avg": 0.3792524299616041
}