{
  "slices": {
    "books_newslike": {
      "nll": 3.756488697510077,
      "ppl": 42.79788551490912,
      "tokens": 4994286
    },
    "code": {
      "nll": 1.8642392172503253,
      "ppl": 6.4510261891792835,
      "tokens": 4994286
    },
    "code_opencodereasoning": {
      "nll": 2.1746371485266955,
      "ppl": 8.798991815730735,
      "tokens": 4994286
    },
    "code_stackv2_edu_filtered": {
      "nll": 1.7036016469337956,
      "ppl": 5.493698163869985,
      "tokens": 4994286
    },
    "code_starcoder2data_extras_lhq": {
      "nll": 2.3572335763161703,
      "ppl": 10.561692882961143,
      "tokens": 4994286
    },
    "general_web": {
      "nll": 3.5444753338089376,
      "ppl": 34.62151583737199,
      "tokens": 4994286
    },
    "math_finemath3plus": {
      "nll": 2.1408650095704127,
      "ppl": 8.506792904511514,
      "tokens": 4994286
    },
    "math_finemath4plus": {
      "nll": 2.2250149588870083,
      "ppl": 9.253621226745913,
      "tokens": 4994286
    },
    "math_infiwebmath3plus": {
      "nll": 2.424414573660326,
      "ppl": 11.295614732875238,
      "tokens": 4994286
    },
    "math_infiwebmath4plus": {
      "nll": 2.247913427427755,
      "ppl": 9.467959626413414,
      "tokens": 4994286
    },
    "math_openmathinstruct1": {
      "nll": 1.9687491334823999,
      "ppl": 7.161712536741063,
      "tokens": 4994286
    },
    "math_openmathreasoning": {
      "nll": 1.8698958088248563,
      "ppl": 6.487620411276793,
      "tokens": 4994286
    },
    "web_fineweb_edu_sample10bt": {
      "nll": 3.120212312615232,
      "ppl": 22.651188265710523,
      "tokens": 4994286
    },
    "wiki_en_20231101": {
      "nll": 3.1963253308028854,
      "ppl": 24.44254669512361,
      "tokens": 4994286
    }
  },
  "ppl_macro_avg": 14.85656191453002
}