{
  "slices": {
    "books_newslike": {
      "nll": 3.771225644459457,
      "ppl": 43.43326596814517,
      "tokens": 4994286
    },
    "code": {
      "nll": 1.913473055777674,
      "ppl": 6.77658342806335,
      "tokens": 4994286
    },
    "code_opencodereasoning": {
      "nll": 2.2089685201134577,
      "ppl": 9.106318562599235,
      "tokens": 4994286
    },
    "code_stackv2_edu_filtered": {
      "nll": 1.7708945717492122,
      "ppl": 5.876107610744586,
      "tokens": 4994286
    },
    "code_starcoder2data_extras_lhq": {
      "nll": 2.3464023413496005,
      "ppl": 10.447914000938544,
      "tokens": 4994286
    },
    "general_web": {
      "nll": 3.5615070170012557,
      "ppl": 35.216228630661305,
      "tokens": 4994286
    },
    "math_finemath3plus": {
      "nll": 2.1692575551753506,
      "ppl": 8.751783911374266,
      "tokens": 4994286
    },
    "math_finemath4plus": {
      "nll": 2.2562166933531795,
      "ppl": 9.546901898752074,
      "tokens": 4994286
    },
    "math_infiwebmath3plus": {
      "nll": 2.4567773879137516,
      "ppl": 11.667152186180955,
      "tokens": 4994286
    },
    "math_infiwebmath4plus": {
      "nll": 2.2774646782847343,
      "ppl": 9.75192477439355,
      "tokens": 4994286
    },
    "math_openmathinstruct1": {
      "nll": 1.999945635430764,
      "ppl": 7.388654406997775,
      "tokens": 4994286
    },
    "math_openmathreasoning": {
      "nll": 1.8982192260448052,
      "ppl": 6.673998970306147,
      "tokens": 4994286
    },
    "web_fineweb_edu_sample10bt": {
      "nll": 3.146147282739715,
      "ppl": 23.24633029356053,
      "tokens": 4994286
    },
    "wiki_en_20231101": {
      "nll": 3.207212489053584,
      "ppl": 24.710110430548003,
      "tokens": 4994286
    }
  },
  "ppl_macro_avg": 15.185233933804678
}