{
  "tasks": {
    "arc_challenge": {
      "acc": 0.26755852842809363,
      "n": 299
    },
    "arc_easy": {
      "acc": 0.2754385964912281,
      "n": 570
    },
    "commonsense_qa": {
      "acc": 0.23505323505323505,
      "n": 1221
    },
    "copa": {
      "acc": 0.67,
      "n": 100
    },
    "hellaswag": {
      "acc": 0.3165704043019319,
      "n": 10042
    },
    "mmlu": {
      "acc": 0.24559111691704769,
      "n": 1531
    },
    "openbookqa": {
      "acc": 0.304,
      "n": 500
    },
    "piqa": {
      "acc": 0.6501632208922742,
      "n": 1838
    },
    "qasc": {
      "acc": 0.14146868250539957,
      "n": 926
    },
    "sciq": {
      "acc": 0.604,
      "n": 1000
    },
    "social_i_qa": {
      "acc": 0.38996929375639716,
      "n": 1954
    },
    "winogrande": {
      "acc": 0.5019731649565904,
      "n": 1267
    }
  },
  "cf_macro_avg": 0.3834821869418498
}