{
  "tasks": {
    "arc_easy": {
      "acc": 0.26666666666666666,
      "n": 570
    },
    "commonsense_qa": {
      "acc": 0.2325962325962326,
      "n": 1221
    },
    "copa": {
      "acc": 0.63,
      "n": 100
    },
    "hellaswag": {
      "acc": 0.31666998605855406,
      "n": 10042
    },
    "openbookqa": {
      "acc": 0.304,
      "n": 500
    },
    "piqa": {
      "acc": 0.6550598476605005,
      "n": 1838
    },
    "qasc": {
      "acc": 0.1306695464362851,
      "n": 926
    },
    "sciq": {
      "acc": 0.594,
      "n": 1000
    },
    "social_i_qa": {
      "acc": 0.37768679631525076,
      "n": 1954
    },
    "winogrande": {
      "acc": 0.500394632991318,
      "n": 1267
    }
  },
  "cf_macro_avg": 0.4007743708724808
}