{
  "slices": {
    "books_newslike": {
      "nll": 3.7631630532841682,
      "ppl": 43.084489212792995,
      "tokens": 4994286
    },
    "code": {
      "nll": 1.9338176442208077,
      "ppl": 6.915862209753409,
      "tokens": 4994286
    },
    "code_stackv2_edu_filtered": {
      "nll": 1.8244772176668889,
      "ppl": 6.199553154921462,
      "tokens": 4994286
    },
    "code_starcoder2data_extras_lhq": {
      "nll": 2.3588509737991075,
      "ppl": 10.578789160456742,
      "tokens": 4994286
    },
    "general_web": {
      "nll": 3.553461299161549,
      "ppl": 34.93402557712428,
      "tokens": 4994286
    },
    "math_finemath3plus": {
      "nll": 2.1733118271378893,
      "ppl": 8.787338047877112,
      "tokens": 4994286
    },
    "math_finemath4plus": {
      "nll": 2.2639315408868006,
      "ppl": 9.620839633771858,
      "tokens": 4994286
    },
    "math_infiwebmath3plus": {
      "nll": 2.459523463189123,
      "ppl": 11.699235095213806,
      "tokens": 4994286
    },
    "math_infiwebmath4plus": {
      "nll": 2.278725252853727,
      "ppl": 9.76422555415908,
      "tokens": 4994286
    },
    "web_fineweb_edu_sample10bt": {
      "nll": 3.143854263253609,
      "ppl": 23.19308707241786,
      "tokens": 4994286
    },
    "wiki_en_20231101": {
      "nll": 3.199542551778954,
      "ppl": 24.52131040124641,
      "tokens": 4994286
    }
  },
  "ppl_macro_avg": 17.208977738157724
}