{
  "tasks": {
    "arc_challenge": {
      "acc": 0.2709030100334448,
      "n": 299
    },
    "arc_easy": {
      "acc": 0.2824561403508772,
      "n": 570
    },
    "commonsense_qa": {
      "acc": 0.23832923832923833,
      "n": 1221
    },
    "copa": {
      "acc": 0.65,
      "n": 100
    },
    "hellaswag": {
      "acc": 0.3145787691694881,
      "n": 10042
    },
    "mmlu": {
      "acc": 0.24689745264532986,
      "n": 1531
    },
    "openbookqa": {
      "acc": 0.29,
      "n": 500
    },
    "piqa": {
      "acc": 0.6534276387377584,
      "n": 1838
    },
    "qasc": {
      "acc": 0.1468682505399568,
      "n": 926
    },
    "sciq": {
      "acc": 0.601,
      "n": 1000
    },
    "social_i_qa": {
      "acc": 0.38792221084953943,
      "n": 1954
    },
    "winogrande": {
      "acc": 0.5130228887134964,
      "n": 1267
    }
  },
  "cf_macro_avg": 0.38295046661409415
}