{
  "slices": {
    "books_newslike": {
      "nll": 3.770272556931186,
      "ppl": 43.39188998463785,
      "tokens": 4994286
    },
    "code": {
      "nll": 1.8864412455388002,
      "ppl": 6.595853839809589,
      "tokens": 4994286
    },
    "code_opencodereasoning": {
      "nll": 2.1883317405521656,
      "ppl": 8.920319287839662,
      "tokens": 4994286
    },
    "code_stackv2_edu_filtered": {
      "nll": 1.7319140986194022,
      "ppl": 5.65146101592217,
      "tokens": 4994286
    },
    "code_starcoder2data_extras_lhq": {
      "nll": 2.370037788559766,
      "ppl": 10.697796530796621,
      "tokens": 4994286
    },
    "general_web": {
      "nll": 3.5534072577643685,
      "ppl": 34.932137744583976,
      "tokens": 4994286
    },
    "math_finemath3plus": {
      "nll": 2.1562027931772874,
      "ppl": 8.638273989947034,
      "tokens": 4994286
    },
    "math_finemath4plus": {
      "nll": 2.240103943178843,
      "ppl": 9.394307710902124,
      "tokens": 4994286
    },
    "math_infiwebmath3plus": {
      "nll": 2.4402064226361166,
      "ppl": 11.475409282560936,
      "tokens": 4994286
    },
    "math_infiwebmath4plus": {
      "nll": 2.261272405298134,
      "ppl": 9.595290501067687,
      "tokens": 4994286
    },
    "math_openmathinstruct1": {
      "nll": 2.003364088914405,
      "ppl": 7.413955398888156,
      "tokens": 4994286
    },
    "math_openmathreasoning": {
      "nll": 1.8824285322954573,
      "ppl": 6.569439601580412,
      "tokens": 4994286
    },
    "web_fineweb_edu_sample10bt": {
      "nll": 3.1342213365809446,
      "ppl": 22.97074239963924,
      "tokens": 4994286
    },
    "wiki_en_20231101": {
      "nll": 3.208561472370938,
      "ppl": 24.74346645058775,
      "tokens": 4994286
    }
  },
  "ppl_macro_avg": 15.07073883848309
}