{
  "slices": {
    "books_newslike": {
      "nll": 3.799690956942782,
      "ppl": 44.687372037015535,
      "tokens": 4994286
    },
    "code": {
      "nll": 1.9813531869796976,
      "ppl": 7.25255040480557,
      "tokens": 4994286
    },
    "code_stackv2_edu_filtered": {
      "nll": 1.8676530901819286,
      "ppl": 6.47308680751598,
      "tokens": 4994286
    },
    "code_starcoder2data_extras_lhq": {
      "nll": 2.410678680725239,
      "ppl": 11.141520114663363,
      "tokens": 4994286
    },
    "general_web": {
      "nll": 3.582908627300568,
      "ppl": 35.97803550167145,
      "tokens": 4994286
    },
    "math_finemath3plus": {
      "nll": 2.203467774006681,
      "ppl": 9.056364534391921,
      "tokens": 4994286
    },
    "math_finemath4plus": {
      "nll": 2.300387601456804,
      "ppl": 9.978049211796547,
      "tokens": 4994286
    },
    "math_infiwebmath3plus": {
      "nll": 2.49584584838749,
      "ppl": 12.131991004867272,
      "tokens": 4994286
    },
    "math_infiwebmath4plus": {
      "nll": 2.312383521527073,
      "ppl": 10.09846590308597,
      "tokens": 4994286
    },
    "web_fineweb_edu_sample10bt": {
      "nll": 3.1755308689426527,
      "ppl": 23.93952524608653,
      "tokens": 4994286
    },
    "wiki_en_20231101": {
      "nll": 3.226146282647591,
      "ppl": 25.18242379315846,
      "tokens": 4994286
    }
  },
  "ppl_macro_avg": 17.810853141732597
}