{
  "tasks": {
    "arc_easy": {
      "acc": 0.26842105263157895,
      "n": 570
    },
    "commonsense_qa": {
      "acc": 0.23669123669123668,
      "n": 1221
    },
    "copa": {
      "acc": 0.64,
      "n": 100
    },
    "hellaswag": {
      "acc": 0.3136825333598885,
      "n": 10042
    },
    "openbookqa": {
      "acc": 0.302,
      "n": 500
    },
    "piqa": {
      "acc": 0.64689880304679,
      "n": 1838
    },
    "qasc": {
      "acc": 0.14254859611231102,
      "n": 926
    },
    "sciq": {
      "acc": 0.582,
      "n": 1000
    },
    "social_i_qa": {
      "acc": 0.38945752302968273,
      "n": 1954
    },
    "winogrande": {
      "acc": 0.5153906866614049,
      "n": 1267
    }
  },
  "cf_macro_avg": 0.4037090431532893
}