{
  "slices": {
    "books_newslike": {
      "nll": 3.74213078811935,
      "ppl": 42.18778769807198,
      "tokens": 4994286
    },
    "code": {
      "nll": 1.911011735999009,
      "ppl": 6.7599245990028765,
      "tokens": 4994286
    },
    "code_opencodereasoning": {
      "nll": 2.196848003552757,
      "ppl": 8.996611474003908,
      "tokens": 4994286
    },
    "code_stackv2_edu_filtered": {
      "nll": 1.8007285510060584,
      "ppl": 6.054056547085228,
      "tokens": 4994286
    },
    "code_starcoder2data_extras_lhq": {
      "nll": 2.36226288210761,
      "ppl": 10.614944663643861,
      "tokens": 4994286
    },
    "general_web": {
      "nll": 3.531950391080755,
      "ppl": 34.19058764326617,
      "tokens": 4994286
    },
    "math_finemath3plus": {
      "nll": 2.1523231876402513,
      "ppl": 8.604825819152813,
      "tokens": 4994286
    },
    "math_finemath4plus": {
      "nll": 2.238761979040233,
      "ppl": 9.381709342017318,
      "tokens": 4994286
    },
    "math_infiwebmath3plus": {
      "nll": 2.435760291548682,
      "ppl": 11.424501364110741,
      "tokens": 4994286
    },
    "math_infiwebmath4plus": {
      "nll": 2.254603834895331,
      "ppl": 9.531516507842532,
      "tokens": 4994286
    },
    "math_openmathinstruct1": {
      "nll": 1.9676740864616333,
      "ppl": 7.154017496021266,
      "tokens": 4994286
    },
    "math_openmathreasoning": {
      "nll": 1.8782198948325333,
      "ppl": 6.541849311451812,
      "tokens": 4994286
    },
    "web_fineweb_edu_sample10bt": {
      "nll": 3.123475933687643,
      "ppl": 22.725233923811647,
      "tokens": 4994286
    },
    "wiki_en_20231101": {
      "nll": 3.1821423785797722,
      "ppl": 24.098326025943624,
      "tokens": 4994286
    }
  },
  "ppl_macro_avg": 14.876135172530413
}