{
  "tasks": {
    "arc_challenge": {
      "acc": 0.2408026755852843,
      "n": 299
    },
    "arc_easy": {
      "acc": 0.26842105263157895,
      "n": 570
    },
    "commonsense_qa": {
      "acc": 0.2325962325962326,
      "n": 1221
    },
    "copa": {
      "acc": 0.58,
      "n": 100
    },
    "hellaswag": {
      "acc": 0.31308504282015537,
      "n": 10042
    },
    "mmlu": {
      "acc": 0.2488569562377531,
      "n": 1531
    },
    "openbookqa": {
      "acc": 0.308,
      "n": 500
    },
    "piqa": {
      "acc": 0.6376496191512514,
      "n": 1838
    },
    "qasc": {
      "acc": 0.13930885529157666,
      "n": 926
    },
    "sciq": {
      "acc": 0.635,
      "n": 1000
    },
    "social_i_qa": {
      "acc": 0.37922210849539406,
      "n": 1954
    },
    "winogrande": {
      "acc": 0.5153906866614049,
      "n": 1267
    }
  },
  "cf_macro_avg": 0.3748611024558859
}