{
  "slices": {
    "books_newslike": {
      "nll": 3.7680533731917585,
      "ppl": 43.29570217664592,
      "tokens": 4994286
    },
    "code": {
      "nll": 1.9048524298099119,
      "ppl": 6.718416116534598,
      "tokens": 4994286
    },
    "code_opencodereasoning": {
      "nll": 2.2047464909304604,
      "ppl": 9.067952468254566,
      "tokens": 4994286
    },
    "code_stackv2_edu_filtered": {
      "nll": 1.7567699816813545,
      "ppl": 5.793693403156596,
      "tokens": 4994286
    },
    "code_starcoder2data_extras_lhq": {
      "nll": 2.390269972986066,
      "ppl": 10.91644068934324,
      "tokens": 4994286
    },
    "general_web": {
      "nll": 3.5640257197399796,
      "ppl": 35.30503963947604,
      "tokens": 4994286
    },
    "math_finemath3plus": {
      "nll": 2.1679727892718414,
      "ppl": 8.740547137667555,
      "tokens": 4994286
    },
    "math_finemath4plus": {
      "nll": 2.2548518251833976,
      "ppl": 9.533880524481491,
      "tokens": 4994286
    },
    "math_infiwebmath3plus": {
      "nll": 2.4540554927616594,
      "ppl": 11.635438601312856,
      "tokens": 4994286
    },
    "math_infiwebmath4plus": {
      "nll": 2.275057009906781,
      "ppl": 9.728473616124763,
      "tokens": 4994286
    },
    "math_openmathinstruct1": {
      "nll": 2.01650297268312,
      "ppl": 7.512009245603701,
      "tokens": 4994286
    },
    "math_openmathreasoning": {
      "nll": 1.8997020223911105,
      "ppl": 6.6839024922330665,
      "tokens": 4994286
    },
    "web_fineweb_edu_sample10bt": {
      "nll": 3.1449711188931087,
      "ppl": 23.219004873038912,
      "tokens": 4994286
    },
    "wiki_en_20231101": {
      "nll": 3.212204954501692,
      "ppl": 24.833783262385666,
      "tokens": 4994286
    }
  },
  "ppl_macro_avg": 15.21316316044707
}