{
  "tasks": {
    "arc_challenge": {
      "acc": 0.27424749163879597,
      "n": 299
    },
    "arc_easy": {
      "acc": 0.28421052631578947,
      "n": 570
    },
    "commonsense_qa": {
      "acc": 0.24078624078624078,
      "n": 1221
    },
    "copa": {
      "acc": 0.6,
      "n": 100
    },
    "hellaswag": {
      "acc": 0.31607249551882094,
      "n": 10042
    },
    "mmlu": {
      "acc": 0.24363161332462444,
      "n": 1531
    },
    "openbookqa": {
      "acc": 0.304,
      "n": 500
    },
    "piqa": {
      "acc": 0.6566920565832427,
      "n": 1838
    },
    "qasc": {
      "acc": 0.14254859611231102,
      "n": 926
    },
    "sciq": {
      "acc": 0.595,
      "n": 1000
    },
    "social_i_qa": {
      "acc": 0.3955987717502559,
      "n": 1954
    },
    "winogrande": {
      "acc": 0.5114443567482242,
      "n": 1267
    }
  },
  "cf_macro_avg": 0.3803526790648588
}