{
  "tasks": {
    "arc_easy": {
      "acc": 0.2754385964912281,
      "n": 570
    },
    "commonsense_qa": {
      "acc": 0.22768222768222768,
      "n": 1221
    },
    "copa": {
      "acc": 0.6,
      "n": 100
    },
    "hellaswag": {
      "acc": 0.3110934076877116,
      "n": 10042
    },
    "openbookqa": {
      "acc": 0.27,
      "n": 500
    },
    "piqa": {
      "acc": 0.6507072905331882,
      "n": 1838
    },
    "qasc": {
      "acc": 0.1468682505399568,
      "n": 926
    },
    "sciq": {
      "acc": 0.579,
      "n": 1000
    },
    "social_i_qa": {
      "acc": 0.3797338792221085,
      "n": 1954
    },
    "winogrande": {
      "acc": 0.5153906866614049,
      "n": 1267
    }
  },
  "cf_macro_avg": 0.39559143388178264
}