{
  "slices": {
    "books_newslike": {
      "nll": 3.8565812889876803,
      "ppl": 47.30335811126782,
      "tokens": 4994286
    },
    "code": {
      "nll": 2.1146205650174443,
      "ppl": 8.286441003942784,
      "tokens": 4994286
    },
    "code_stackv2_edu_filtered": {
      "nll": 1.9954310260863772,
      "ppl": 7.355372702245252,
      "tokens": 4994286
    },
    "code_starcoder2data_extras_lhq": {
      "nll": 2.467806264076712,
      "ppl": 11.796539952124508,
      "tokens": 4994286
    },
    "general_web": {
      "nll": 3.61399963227097,
      "ppl": 37.114199501232406,
      "tokens": 4994286
    },
    "math_finemath3plus": {
      "nll": 2.292674218368358,
      "ppl": 9.90138076243453,
      "tokens": 4994286
    },
    "math_finemath4plus": {
      "nll": 2.4071479659415718,
      "ppl": 11.102251948023135,
      "tokens": 4994286
    },
    "math_infiwebmath3plus": {
      "nll": 2.603490125204537,
      "ppl": 13.510810262666913,
      "tokens": 4994286
    },
    "math_infiwebmath4plus": {
      "nll": 2.4159249833287606,
      "ppl": 11.200125497013468,
      "tokens": 4994286
    },
    "web_fineweb_edu_sample10bt": {
      "nll": 3.2437645987928754,
      "ppl": 25.63002712723939,
      "tokens": 4994286
    },
    "wiki_en_20231101": {
      "nll": 3.2512234279185814,
      "ppl": 25.82191184813033,
      "tokens": 4994286
    }
  },
  "ppl_macro_avg": 19.00203806512005
}