{
  "tasks": {
    "arc_easy": {
      "acc": 0.2614035087719298,
      "n": 570
    },
    "commonsense_qa": {
      "acc": 0.23587223587223588,
      "n": 1221
    },
    "copa": {
      "acc": 0.63,
      "n": 100
    },
    "hellaswag": {
      "acc": 0.31447918741286596,
      "n": 10042
    },
    "openbookqa": {
      "acc": 0.282,
      "n": 500
    },
    "piqa": {
      "acc": 0.6534276387377584,
      "n": 1838
    },
    "qasc": {
      "acc": 0.14038876889848811,
      "n": 926
    },
    "sciq": {
      "acc": 0.546,
      "n": 1000
    },
    "social_i_qa": {
      "acc": 0.38382804503582396,
      "n": 1954
    },
    "winogrande": {
      "acc": 0.5130228887134964,
      "n": 1267
    }
  },
  "cf_macro_avg": 0.39604222734425987
}