{
  "slices": {
    "books_newslike": {
      "nll": 3.874797471577863,
      "ppl": 48.17294091334613,
      "tokens": 4994286
    },
    "code": {
      "nll": 2.2369504121262906,
      "ppl": 9.364729132813455,
      "tokens": 4994286
    },
    "code_stackv2_edu_filtered": {
      "nll": 2.1050292500343613,
      "ppl": 8.207343071151733,
      "tokens": 4994286
    },
    "code_starcoder2data_extras_lhq": {
      "nll": 2.4596543553019266,
      "ppl": 11.700766533037985,
      "tokens": 4994286
    },
    "general_web": {
      "nll": 3.5767298782623,
      "ppl": 35.75642160279359,
      "tokens": 4994286
    },
    "math_finemath3plus": {
      "nll": 2.3692263839794827,
      "ppl": 10.689119810334004,
      "tokens": 4994286
    },
    "math_finemath4plus": {
      "nll": 2.4995724260168894,
      "ppl": 12.17728615667657,
      "tokens": 4994286
    },
    "math_infiwebmath3plus": {
      "nll": 2.7001750731595444,
      "ppl": 14.882336994568824,
      "tokens": 4994286
    },
    "math_infiwebmath4plus": {
      "nll": 2.512750393610756,
      "ppl": 12.338820045564958,
      "tokens": 4994286
    },
    "web_fineweb_edu_sample10bt": {
      "nll": 3.2681329942608413,
      "ppl": 26.262261750037027,
      "tokens": 4994286
    },
    "wiki_en_20231101": {
      "nll": 3.173350260537117,
      "ppl": 23.88737939161768,
      "tokens": 4994286
    }
  },
  "ppl_macro_avg": 19.403582309267446
}