{
  "slices": {
    "books_newslike": {
      "nll": 3.850767388514563,
      "ppl": 47.02913900886553,
      "tokens": 4994286
    },
    "code": {
      "nll": 2.07058671495977,
      "ppl": 7.9294740943916,
      "tokens": 4994286
    },
    "code_opencodereasoning": {
      "nll": 2.205874996846787,
      "ppl": 9.078191482571441,
      "tokens": 4994286
    },
    "code_stackv2_edu_filtered": {
      "nll": 1.8810067695655563,
      "ppl": 6.560106053815968,
      "tokens": 4994286
    },
    "code_starcoder2data_extras_lhq": {
      "nll": 1.9780297428784428,
      "ppl": 7.228486967836438,
      "tokens": 4994286
    },
    "general_web": {
      "nll": 3.6773469088638557,
      "ppl": 39.5413479859166,
      "tokens": 4994286
    },
    "math_finemath3plus": {
      "nll": 2.2795236644300876,
      "ppl": 9.772024537860856,
      "tokens": 4994286
    },
    "math_finemath4plus": {
      "nll": 2.3829728775177084,
      "ppl": 10.837072310956575,
      "tokens": 4994286
    },
    "math_infiwebmath3plus": {
      "nll": 2.5788255792352315,
      "ppl": 13.181648264175973,
      "tokens": 4994286
    },
    "math_infiwebmath4plus": {
      "nll": 2.398100521150571,
      "ppl": 11.002257963587931,
      "tokens": 4994286
    },
    "math_openmathinstruct1": {
      "nll": 2.042911126921784,
      "ppl": 7.713030157656965,
      "tokens": 4994286
    },
    "math_openmathreasoning": {
      "nll": 1.9043716056169928,
      "ppl": 6.715186516024922,
      "tokens": 4994286
    },
    "web_fineweb_edu_sample10bt": {
      "nll": 3.2556371100581245,
      "ppl": 25.936133442744048,
      "tokens": 4994286
    },
    "wiki_en_20231101": {
      "nll": 3.3389442718810933,
      "ppl": 28.18935070030325,
      "tokens": 4994286
    }
  },
  "ppl_macro_avg": 16.479532106193435
}