{
  "tasks": {
    "arc_challenge": {
      "acc": 0.23411371237458195,
      "n": 299
    },
    "arc_easy": {
      "acc": 0.27017543859649124,
      "n": 570
    },
    "commonsense_qa": {
      "acc": 0.23095823095823095,
      "n": 1221
    },
    "copa": {
      "acc": 0.57,
      "n": 100
    },
    "hellaswag": {
      "acc": 0.3125871340370444,
      "n": 10042
    },
    "mmlu": {
      "acc": 0.25016329196603526,
      "n": 1531
    },
    "openbookqa": {
      "acc": 0.302,
      "n": 500
    },
    "piqa": {
      "acc": 0.6398258977149075,
      "n": 1838
    },
    "qasc": {
      "acc": 0.14038876889848811,
      "n": 926
    },
    "sciq": {
      "acc": 0.638,
      "n": 1000
    },
    "social_i_qa": {
      "acc": 0.3812691914022518,
      "n": 1954
    },
    "winogrande": {
      "acc": 0.5138121546961326,
      "n": 1267
    }
  },
  "cf_macro_avg": 0.3736078183870137
}