{
  "tasks": {
    "arc_challenge": {
      "acc": 0.24749163879598662,
      "n": 299
    },
    "arc_easy": {
      "acc": 0.2807017543859649,
      "n": 570
    },
    "commonsense_qa": {
      "acc": 0.23587223587223588,
      "n": 1221
    },
    "copa": {
      "acc": 0.6,
      "n": 100
    },
    "hellaswag": {
      "acc": 0.31836287592113127,
      "n": 10042
    },
    "mmlu": {
      "acc": 0.23905943827563683,
      "n": 1531
    },
    "openbookqa": {
      "acc": 0.31,
      "n": 500
    },
    "piqa": {
      "acc": 0.6572361262241567,
      "n": 1838
    },
    "qasc": {
      "acc": 0.14146868250539957,
      "n": 926
    },
    "sciq": {
      "acc": 0.603,
      "n": 1000
    },
    "social_i_qa": {
      "acc": 0.39048106448311154,
      "n": 1954
    },
    "winogrande": {
      "acc": 0.5082872928176796,
      "n": 1267
    }
  },
  "cf_macro_avg": 0.3776634257734419
}