{
  "slices": {
    "books_newslike": {
      "nll": 3.727716265398097,
      "ppl": 41.58403274736975,
      "tokens": 4994286
    },
    "code": {
      "nll": 1.9093107925270203,
      "ppl": 6.748436122779263,
      "tokens": 4994286
    },
    "code_opencodereasoning": {
      "nll": 2.184862590216146,
      "ppl": 8.889426975205648,
      "tokens": 4994286
    },
    "code_stackv2_edu_filtered": {
      "nll": 1.7370270114559967,
      "ppl": 5.680430439455151,
      "tokens": 4994286
    },
    "code_starcoder2data_extras_lhq": {
      "nll": 1.8879472325231086,
      "ppl": 6.6057945932866176,
      "tokens": 4994286
    },
    "general_web": {
      "nll": 3.5760539300562684,
      "ppl": 35.732260280578224,
      "tokens": 4994286
    },
    "math_finemath3plus": {
      "nll": 2.1834385312586004,
      "ppl": 8.876776916446705,
      "tokens": 4994286
    },
    "math_finemath4plus": {
      "nll": 2.277807778631764,
      "ppl": 9.755271237221304,
      "tokens": 4994286
    },
    "math_infiwebmath3plus": {
      "nll": 2.4717987586330845,
      "ppl": 11.84373171741398,
      "tokens": 4994286
    },
    "math_infiwebmath4plus": {
      "nll": 2.2968230789458692,
      "ppl": 9.942545545167269,
      "tokens": 4994286
    },
    "math_openmathinstruct1": {
      "nll": 1.9558572551360132,
      "ppl": 7.06997720089541,
      "tokens": 4994286
    },
    "math_openmathreasoning": {
      "nll": 1.889107219191029,
      "ppl": 6.613461672941226,
      "tokens": 4994286
    },
    "web_fineweb_edu_sample10bt": {
      "nll": 3.1588237756858537,
      "ppl": 23.542887919649136,
      "tokens": 4994286
    },
    "wiki_en_20231101": {
      "nll": 3.2222192408202845,
      "ppl": 25.083725285035797,
      "tokens": 4994286
    }
  },
  "ppl_macro_avg": 14.85491133238896
}