{
  "tasks": {
    "arc_challenge": {
      "acc": 0.23745819397993312,
      "n": 299
    },
    "arc_easy": {
      "acc": 0.26666666666666666,
      "n": 570
    },
    "commonsense_qa": {
      "acc": 0.23013923013923013,
      "n": 1221
    },
    "copa": {
      "acc": 0.58,
      "n": 100
    },
    "hellaswag": {
      "acc": 0.3194582752439753,
      "n": 10042
    },
    "mmlu": {
      "acc": 0.24363161332462444,
      "n": 1531
    },
    "openbookqa": {
      "acc": 0.3,
      "n": 500
    },
    "piqa": {
      "acc": 0.6577801958650707,
      "n": 1838
    },
    "qasc": {
      "acc": 0.13714902807775378,
      "n": 926
    },
    "sciq": {
      "acc": 0.635,
      "n": 1000
    },
    "social_i_qa": {
      "acc": 0.38382804503582396,
      "n": 1954
    },
    "winogrande": {
      "acc": 0.505130228887135,
      "n": 1267
    }
  },
  "cf_macro_avg": 0.37468678976835107
}