{
  "slices": {
    "books_newslike": {
      "nll": 3.7485403553556003,
      "ppl": 42.45906160532734,
      "tokens": 4994286
    },
    "code": {
      "nll": 1.8557308693253556,
      "ppl": 6.396371454351812,
      "tokens": 4994286
    },
    "code_opencodereasoning": {
      "nll": 2.1659271744558275,
      "ppl": 8.722685620063716,
      "tokens": 4994286
    },
    "code_stackv2_edu_filtered": {
      "nll": 1.6956508506075039,
      "ppl": 5.450192071915787,
      "tokens": 4994286
    },
    "code_starcoder2data_extras_lhq": {
      "nll": 2.335779742761903,
      "ppl": 10.337517391949646,
      "tokens": 4994286
    },
    "general_web": {
      "nll": 3.5351802217552737,
      "ppl": 34.301195978960244,
      "tokens": 4994286
    },
    "math_finemath3plus": {
      "nll": 2.1328305449045537,
      "ppl": 8.438719211535105,
      "tokens": 4994286
    },
    "math_finemath4plus": {
      "nll": 2.2159757587963713,
      "ppl": 9.170352799868247,
      "tokens": 4994286
    },
    "math_infiwebmath3plus": {
      "nll": 2.415590913418902,
      "ppl": 11.196384497010838,
      "tokens": 4994286
    },
    "math_infiwebmath4plus": {
      "nll": 2.238737896367187,
      "ppl": 9.381483408099179,
      "tokens": 4994286
    },
    "math_openmathinstruct1": {
      "nll": 1.9478343422151898,
      "ppl": 7.013482319252499,
      "tokens": 4994286
    },
    "math_openmathreasoning": {
      "nll": 1.8631361684781806,
      "ppl": 6.443914315754955,
      "tokens": 4994286
    },
    "web_fineweb_edu_sample10bt": {
      "nll": 3.111666431929659,
      "ppl": 22.458438693900455,
      "tokens": 4994286
    },
    "wiki_en_20231101": {
      "nll": 3.1882427448048567,
      "ppl": 24.24578395650589,
      "tokens": 4994286
    }
  },
  "ppl_macro_avg": 14.71539880889255
}