{
  "slices": {
    "books_newslike": {
      "nll": 3.792814500285927,
      "ppl": 44.381135378365045,
      "tokens": 4994286
    },
    "code": {
      "nll": 1.9841074807047305,
      "ppl": 7.2725535935590715,
      "tokens": 4994286
    },
    "code_opencodereasoning": {
      "nll": 2.1976924328732252,
      "ppl": 9.004211684986299,
      "tokens": 4994286
    },
    "code_stackv2_edu_filtered": {
      "nll": 1.8035589002508552,
      "ppl": 6.071215913505993,
      "tokens": 4994286
    },
    "code_starcoder2data_extras_lhq": {
      "nll": 1.9060840137288582,
      "ppl": 6.72669550712015,
      "tokens": 4994286
    },
    "general_web": {
      "nll": 3.628242698211571,
      "ppl": 37.64660201365411,
      "tokens": 4994286
    },
    "math_finemath3plus": {
      "nll": 2.2333069557360123,
      "ppl": 9.33067123252441,
      "tokens": 4994286
    },
    "math_finemath4plus": {
      "nll": 2.3350203631264494,
      "ppl": 10.329670271609835,
      "tokens": 4994286
    },
    "math_infiwebmath3plus": {
      "nll": 2.528095603505295,
      "ppl": 12.529622033205184,
      "tokens": 4994286
    },
    "math_infiwebmath4plus": {
      "nll": 2.3527376780031877,
      "ppl": 10.51431516824442,
      "tokens": 4994286
    },
    "math_openmathinstruct1": {
      "nll": 2.003336413634752,
      "ppl": 7.413750218438381,
      "tokens": 4994286
    },
    "math_openmathreasoning": {
      "nll": 1.902480028590736,
      "ppl": 6.702496229595201,
      "tokens": 4994286
    },
    "web_fineweb_edu_sample10bt": {
      "nll": 3.2082909249080473,
      "ppl": 24.73677307399528,
      "tokens": 4994286
    },
    "wiki_en_20231101": {
      "nll": 3.2769050772981174,
      "ppl": 26.493649885058428,
      "tokens": 4994286
    }
  },
  "ppl_macro_avg": 15.653811585990129
}