{
  "tasks": {
    "arc_challenge": {
      "acc": 0.22742474916387959,
      "n": 299
    },
    "arc_easy": {
      "acc": 0.2754385964912281,
      "n": 570
    },
    "commonsense_qa": {
      "acc": 0.22932022932022933,
      "n": 1221
    },
    "copa": {
      "acc": 0.58,
      "n": 100
    },
    "hellaswag": {
      "acc": 0.31776538538139815,
      "n": 10042
    },
    "mmlu": {
      "acc": 0.24297844546048333,
      "n": 1531
    },
    "openbookqa": {
      "acc": 0.304,
      "n": 500
    },
    "piqa": {
      "acc": 0.64689880304679,
      "n": 1838
    },
    "qasc": {
      "acc": 0.14146868250539957,
      "n": 926
    },
    "sciq": {
      "acc": 0.643,
      "n": 1000
    },
    "social_i_qa": {
      "acc": 0.3843398157625384,
      "n": 1954
    },
    "winogrande": {
      "acc": 0.5130228887134964,
      "n": 1267
    }
  },
  "cf_macro_avg": 0.37547146632045364
}