{
  "slices": {
    "books_newslike": {
      "nll": 3.7627365878921744,
      "ppl": 43.06611908660196,
      "tokens": 4994286
    },
    "code": {
      "nll": 1.8747214037882178,
      "ppl": 6.5190026978614295,
      "tokens": 4994286
    },
    "code_opencodereasoning": {
      "nll": 2.1840598449091213,
      "ppl": 8.882293892826413,
      "tokens": 4994286
    },
    "code_stackv2_edu_filtered": {
      "nll": 1.7235965402130695,
      "ppl": 5.604649607029296,
      "tokens": 4994286
    },
    "code_starcoder2data_extras_lhq": {
      "nll": 2.377196054670809,
      "ppl": 10.774648942006744,
      "tokens": 4994286
    },
    "general_web": {
      "nll": 3.553035924224712,
      "ppl": 34.91916867830117,
      "tokens": 4994286
    },
    "math_finemath3plus": {
      "nll": 2.1495139771157725,
      "ppl": 8.580686973324854,
      "tokens": 4994286
    },
    "math_finemath4plus": {
      "nll": 2.2344045957116276,
      "ppl": 9.340918573185082,
      "tokens": 4994286
    },
    "math_infiwebmath3plus": {
      "nll": 2.4337626920415745,
      "ppl": 11.401702564833315,
      "tokens": 4994286
    },
    "math_infiwebmath4plus": {
      "nll": 2.255977690728793,
      "ppl": 9.544620436792068,
      "tokens": 4994286
    },
    "math_openmathinstruct1": {
      "nll": 1.98085168488361,
      "ppl": 7.248914147447133,
      "tokens": 4994286
    },
    "math_openmathreasoning": {
      "nll": 1.8774298072524782,
      "ppl": 6.536682718859327,
      "tokens": 4994286
    },
    "web_fineweb_edu_sample10bt": {
      "nll": 3.129344501126356,
      "ppl": 22.85899058777314,
      "tokens": 4994286
    },
    "wiki_en_20231101": {
      "nll": 3.2049813455527913,
      "ppl": 24.655040086022673,
      "tokens": 4994286
    }
  },
  "ppl_macro_avg": 14.99524564234747
}