{
  "tasks": {
    "arc_challenge": {
      "acc": 0.26421404682274247,
      "n": 299
    },
    "arc_easy": {
      "acc": 0.2719298245614035,
      "n": 570
    },
    "commonsense_qa": {
      "acc": 0.24078624078624078,
      "n": 1221
    },
    "copa": {
      "acc": 0.59,
      "n": 100
    },
    "hellaswag": {
      "acc": 0.31517625970922125,
      "n": 10042
    },
    "mmlu": {
      "acc": 0.24167210973220118,
      "n": 1531
    },
    "openbookqa": {
      "acc": 0.304,
      "n": 500
    },
    "piqa": {
      "acc": 0.6507072905331882,
      "n": 1838
    },
    "qasc": {
      "acc": 0.1511879049676026,
      "n": 926
    },
    "sciq": {
      "acc": 0.583,
      "n": 1000
    },
    "social_i_qa": {
      "acc": 0.3858751279426817,
      "n": 1954
    },
    "winogrande": {
      "acc": 0.5043409629044988,
      "n": 1267
    }
  },
  "cf_macro_avg": 0.3752408139966484
}